{"cameraMode":{"drawMode":0,"name":"Shaded","section":"Shading Mode"},"sceneLighting":false,"audioPlay":false,"sceneViewState":{"showFog":true,"showMaterialUpdate":false,"showSkybox":false,"showFlares":true,"showImageEffects":true,"showParticleSystems":true},"in2DMode":false,"pivot":{"x":124.76576232910156,"y":0.6500476002693176,"z":120.22669219970703},"rotation":{"x":0.14279133081436158,"y":0.6643573045730591,"z":-0.13143087923526765,"w":0.72178053855896},"size":6.523437023162842,"orthographic":false}