{"cameraMode":{"drawMode":0,"name":"Shaded","section":"Shading Mode"},"sceneLighting":false,"audioPlay":false,"sceneViewState":{"showFog":true,"showMaterialUpdate":false,"showSkybox":false,"showFlares":true,"showImageEffects":true,"showParticleSystems":true},"in2DMode":false,"pivot":{"x":1.3628554344177247,"y":-1.743038535118103,"z":15.367168426513672},"rotation":{"x":-0.20051345229148866,"y":0.6915574073791504,"z":-0.20961956679821015,"w":-0.6615152955055237},"size":34.5231819152832,"orthographic":false}