{"cameraMode":{"drawMode":0,"name":"Shaded","section":"Shading Mode"},"sceneLighting":false,"audioPlay":false,"sceneViewState":{"showFog":true,"showMaterialUpdate":false,"showSkybox":false,"showFlares":true,"showImageEffects":true,"showParticleSystems":true},"in2DMode":false,"pivot":{"x":0.12157117575407028,"y":0.2599034011363983,"z":-0.11048045009374619},"rotation":{"x":-0.15386250615119935,"y":0.004378357902169228,"z":-0.0006803643191233277,"w":-0.9880900979042053},"size":5.189992427825928,"orthographic":false}