{"cameraMode":{"drawMode":0,"name":"Shaded","section":"Shading Mode"},"sceneLighting":true,"audioPlay":false,"sceneViewState":{"showFog":true,"showMaterialUpdate":false,"showSkybox":true,"showFlares":true,"showImageEffects":true,"showParticleSystems":true},"in2DMode":false,"pivot":{"x":141.60894775390626,"y":26.159870147705079,"z":80.67420959472656},"rotation":{"x":0.04583420231938362,"y":0.9063047170639038,"z":-0.40760764479637148,"w":0.10192147642374039},"size":142.82350158691407,"orthographic":false}